uid,birthday,sex,name
0000000000,01-01-1970,M,FPLLNGZI EYOH54E1 244OLS7K
0000000001,1970-01-01T00:00:00Z,F,2HH3GDNY XXVI8HVS ZWK2B293
0000000002,1970-01-01T00:00:00Z,M,TVJZJPEZ I5HX0GVM KIR1XCTA
0000000003,1970-01-01T00:00:00Z,F,1OPSB6QI PJZB4H4X 0KCEGTA6
0000000004,1970-01-01T00:00:00Z,M,M2ZCV6DR XCKN53GB 61ANXNDS
0000000005,1970-01-01T00:00:00Z,F,CKJDWGFW 6JAPZ12Z ICAPY0EQ
0000000006,1970-01-01T00:00:00Z,M,IXUC0UEH Q346V59C 62WGG2GY
0000000007,1970-01-01T00:00:00Z,F,PQ5S0MIW N2DXKJQD 725M69F1
0000000008,1970-01-01T00:00:00Z,M,FYY30G7U JMXBOUXS HY3PLMKM
0000000009,1970-01-01T00:00:00Z,F,HLNMDBFH F8KQ9U37 984EQL5Y
